"","X","t","logFC","status","type"
"1",1,33.7660479935604,4.81023577713333,1,"lymphoma"
"2",2,33.1996062249513,2.59790078013333,1,"lymphoma"
"3",3,31.66652861735,1.159671112,1,"lymphoma"
"4",4,30.6686287134149,4.99247469833333,1,"lymphoma"
"5",5,30.5288574525471,6.16420367813333,1,"lymphoma"
"6",6,30.477628064506,7.8912319352,1,"lymphoma"
"7",7,30.3139121059421,0.2799648992,1,"lymphoma"
"8",8,30.0190138196066,1.36742650313333,1,"lymphoma"
"9",9,28.3814513889273,0.616797825066667,1,"lymphoma"
"10",10,28.3344176809619,2.27265411926667,1,"lymphoma"
"11",11,28.0946049248796,7.11083369686666,1,"lymphoma"
"12",12,27.0291302837319,1.4952769906,1,"lymphoma"
"13",13,27.004612214997,1.34689845206667,1,"lymphoma"
"14",14,26.7589632544844,0.835551374266667,1,"lymphoma"
"15",15,26.5156028655037,3.87116289446667,1,"lymphoma"
"16",16,26.134173050539,2.97992035253333,1,"lymphoma"
"17",17,26.1297481437479,1.90228746953333,1,"lymphoma"
"18",18,25.9262481699156,3.5060625034,1,"lymphoma"
"19",19,25.8345682989943,4.21734091333333,1,"lymphoma"
"20",20,25.610008173466,7.3654082222,1,"lymphoma"
"21",21,25.5372204802758,10.9833670808,1,"lymphoma"
"22",22,25.4301413887824,4.98357587906667,1,"lymphoma"
"23",23,25.2370776625721,0.585814248066666,1,"lymphoma"
"24",24,25.0252251171413,0.8283013824,1,"lymphoma"
"25",25,24.9240235830188,8.05783642486666,1,"lymphoma"
"26",26,24.6162325542867,0.258561066666667,1,"lymphoma"
"27",27,24.5363522611907,1.28415207786667,1,"lymphoma"
"28",28,24.5158357125281,8.87025341546666,1,"lymphoma"
"29",29,24.5097020699553,2.7233120688,1,"lymphoma"
"30",30,24.1994318460913,2.19043312913333,1,"lymphoma"
"31",31,24.1113625333177,2.4133115762,1,"lymphoma"
"32",32,23.7460647366246,8.83448320986666,1,"lymphoma"
"33",33,23.6655070774442,0.871405632533333,1,"lymphoma"
"34",34,23.6309765527815,6.0109904806,1,"lymphoma"
"35",35,23.5310035491305,5.83542481706666,1,"lymphoma"
"36",36,23.5171090547126,8.66812025713333,1,"lymphoma"
"37",37,23.488375819834,5.28172027953333,1,"lymphoma"
"38",38,23.3254849339366,8.98163295533333,1,"lymphoma"
"39",39,23.1647736685798,3.68846782606667,1,"lymphoma"
"40",40,23.1520390262763,6.01192586226666,1,"lymphoma"
"41",41,22.9941918208237,1.71033087586667,1,"lymphoma"
"42",42,22.9500334204708,8.98225291913333,1,"lymphoma"
"43",43,22.4803196682212,0.446217434466667,1,"lymphoma"
"44",44,22.4788693402428,1.01856551866667,1,"lymphoma"
"45",45,22.4602352169902,2.06230126513333,1,"lymphoma"
"46",46,22.4492539172305,1.07723398893333,1,"lymphoma"
"47",47,22.3311431053958,1.01533968966667,1,"lymphoma"
"48",48,22.3248737009404,0.613965367533333,1,"lymphoma"
"49",49,22.1755843591581,2.8488346666,1,"lymphoma"
"50",50,22.1568990012754,5.552984209,1,"lymphoma"
"51",51,22.0764829800022,3.07175241653333,1,"lymphoma"
"52",52,22.0717795541224,3.755590627,1,"lymphoma"
"53",53,22.0455743710161,0.930474713266667,1,"lymphoma"
"54",54,22.0426243844577,1.72599532393333,1,"lymphoma"
"55",55,22.0409070389788,2.13516367013333,1,"lymphoma"
"56",56,22.0292706650371,0.571352889,1,"lymphoma"
"57",57,21.9897560690665,1.11557634093333,1,"lymphoma"
"58",58,21.8587828978293,1.40316883126667,1,"lymphoma"
"59",59,21.5269502714136,0.5252050304,1,"lymphoma"
"60",60,21.4659983910987,0.562383630533333,1,"lymphoma"
"61",61,21.3645330405211,1.90626333473333,1,"lymphoma"
"62",62,21.3587926716305,5.45755086873333,1,"lymphoma"
"63",63,21.3498331096137,13.0365072175333,1,"lymphoma"
"64",64,21.3493454907196,2.84132828453333,1,"lymphoma"
"65",65,21.3365429636623,6.63688743526667,1,"lymphoma"
"66",66,21.3056624302449,1.8669084244,1,"lymphoma"
"67",67,21.2856266659549,4.5457062038,1,"lymphoma"
"68",68,21.2323875047697,1.98718762973333,1,"lymphoma"
"69",69,21.1749461820488,1.77313851893333,1,"lymphoma"
"70",70,21.1733263380468,1.0385978876,1,"lymphoma"
"71",71,21.0958319266216,2.92150888546667,1,"lymphoma"
"72",72,21.0943917691779,2.0173890534,1,"lymphoma"
"73",73,21.0090539030706,6.6880424348,1,"lymphoma"
"74",74,20.9738074490375,1.9737045602,1,"lymphoma"
"75",75,20.9362393911766,8.105091808,1,"lymphoma"
"76",76,20.9042496545714,19.2587640946667,1,"lymphoma"
"77",77,20.7856582524325,0.203757503266667,1,"lymphoma"
"78",78,20.7533097690271,1.75204502713333,1,"lymphoma"
"79",79,20.7091185582231,0.185953951933333,1,"lymphoma"
"80",80,20.6848462881887,15.1335612179333,1,"lymphoma"
"81",81,20.6336768545055,1.860288644,1,"lymphoma"
"82",82,20.523480396552,3.8317969364,1,"lymphoma"
"83",83,20.3570878683647,2.8898286156,1,"lymphoma"
"84",84,20.3462550570093,7.7154368152,1,"lymphoma"
"85",85,20.3157175513238,5.32983161626666,1,"lymphoma"
"86",86,20.2666663440513,0.3216491652,1,"lymphoma"
"87",87,20.2194925785044,1.6958954838,1,"lymphoma"
"88",88,20.2160097217803,0.805569286866667,1,"lymphoma"
"89",89,20.1791736071034,2.44379040273333,1,"lymphoma"
"90",90,20.1661836346538,4.6593266366,1,"lymphoma"
"91",91,19.984289710571,0.691409155266667,1,"lymphoma"
"92",92,19.9598027489157,0.285122550733333,1,"lymphoma"
"93",93,19.8976152948751,1.8081412502,1,"lymphoma"
"94",94,19.8380082411703,3.11446213093333,1,"lymphoma"
"95",95,19.7990243634294,3.28343474066667,1,"lymphoma"
"96",96,19.7742765337123,2.51485961913333,1,"lymphoma"
"97",97,19.7387476231633,4.98091903206667,1,"lymphoma"
"98",98,19.7283182358504,3.45214829846667,1,"lymphoma"
"99",99,19.6749268060872,1.45919679206667,1,"lymphoma"
"100",100,19.624119964368,0.2069733062,1,"lymphoma"
"101",101,19.6049338156543,0.943501005733333,1,"lymphoma"
"102",102,19.580345203275,2.07322689326667,1,"lymphoma"
"103",103,19.5779012927553,2.71691633493333,1,"lymphoma"
"104",104,19.5681864843513,0.956947521333333,1,"lymphoma"
"105",105,19.5669960134485,6.01673424713333,1,"lymphoma"
"106",106,19.5388290221768,1.53938260913333,1,"lymphoma"
"107",107,19.5352492853446,0.400691059,1,"lymphoma"
"108",108,19.5200713194899,2.32051996546667,1,"lymphoma"
"109",109,19.5006411707949,2.5618805308,1,"lymphoma"
"110",110,19.47751992255,0.145877596533333,1,"lymphoma"
"111",111,19.4306464598857,3.3078490622,1,"lymphoma"
"112",112,19.4087153495092,9.72293549226666,1,"lymphoma"
"113",113,19.3944490307322,1.98852933833333,1,"lymphoma"
"114",114,19.3189487251982,3.67891117073333,1,"lymphoma"
"115",115,19.3048096770895,0.6600718198,1,"lymphoma"
"116",116,19.3026432760926,0.840911764,1,"lymphoma"
"117",117,19.2341331203993,8.67028044873333,1,"lymphoma"
"118",118,19.2247400895419,4.18144092213333,1,"lymphoma"
"119",119,19.1910024058066,0.602131701866666,1,"lymphoma"
"120",120,19.1903835834525,3.33589834426667,1,"lymphoma"
"121",121,19.150399217687,4.50361552993333,1,"lymphoma"
"122",122,19.1501442905901,4.7636533606,1,"lymphoma"
"123",123,19.1327761081115,0.499213337,1,"lymphoma"
"124",124,19.1303041795815,1.64533153826667,1,"lymphoma"
"125",125,19.1246187862364,0.9618407694,1,"lymphoma"
"126",126,19.0705947584266,1.6504704126,1,"lymphoma"
"127",127,19.0575862704684,5.57593224713333,1,"lymphoma"
"128",128,19.0387947664446,13.9492394969333,1,"lymphoma"
"129",129,18.908553037865,2.00481723566667,1,"lymphoma"
"130",130,18.8960074555923,1.1926555028,1,"lymphoma"
"131",131,18.8857727903412,3.70941185713333,1,"lymphoma"
"132",132,18.8848535966657,0.482654632066666,1,"lymphoma"
"133",133,18.7544752131825,2.10454291186667,1,"lymphoma"
"134",134,18.7225129247502,1.59442200653333,1,"lymphoma"
"135",135,18.7066141004362,7.81833324106666,1,"lymphoma"
"136",136,18.6612933375259,2.99023330206667,1,"lymphoma"
"137",137,18.6518696391989,3.1678380722,1,"lymphoma"
"138",138,18.6499909209898,2.00149796593333,1,"lymphoma"
"139",139,18.6330182409373,0.208024858533333,1,"lymphoma"
"140",140,18.6301171940199,2.133013546,1,"lymphoma"
"141",141,18.6161300298699,1.1643906948,1,"lymphoma"
"142",142,18.5866346623024,1.77161708406667,1,"lymphoma"
"143",143,18.4892002978921,0.323796292066667,1,"lymphoma"
"144",144,18.4790552810763,3.90316889273333,1,"lymphoma"
"145",145,18.4448156299454,9.5644923812,1,"lymphoma"
"146",146,18.4419815930192,1.16116729213333,1,"lymphoma"
"147",147,18.406266389892,0.2546469988,1,"lymphoma"
"148",148,18.3379219858227,0.0647707436,1,"lymphoma"
"149",149,18.3254182130986,4.06696031453333,1,"lymphoma"
"150",150,18.3144033707141,1.04363668026667,1,"lymphoma"
"151",151,18.3048019562613,1.12138502853333,1,"lymphoma"
"152",152,18.2993483485814,0.1562599056,1,"lymphoma"
"153",153,18.2345585344683,0.765562108466667,1,"lymphoma"
"154",154,18.2046280912994,5.01779690486667,1,"lymphoma"
"155",155,18.1370384865196,3.69481505033333,1,"lymphoma"
"156",156,18.1049341628602,0.382044527266667,1,"lymphoma"
"157",157,18.1024638256751,10.796778514,1,"lymphoma"
"158",158,18.0806138597392,0.525547624666667,1,"lymphoma"
"159",159,18.07463715533,3.3313202688,1,"lymphoma"
"160",160,18.048853825106,0.231022156466667,1,"lymphoma"
"161",161,18.0359767251805,2.5186004202,1,"lymphoma"
"162",162,18.0114420112774,5.5035760566,1,"lymphoma"
"163",163,17.9972795498014,4.80994419806667,1,"lymphoma"
"164",164,17.9675076871952,4.12859118186667,1,"lymphoma"
"165",165,17.920198676483,2.98414392406667,1,"lymphoma"
"166",166,17.9167091015796,1.16632745126667,1,"lymphoma"
"167",167,17.8966339003521,2.24166823433333,1,"lymphoma"
"168",168,17.8545634588002,0.856717382333333,1,"lymphoma"
"169",169,17.8424353879464,1.90504304553333,1,"lymphoma"
"170",170,17.8383470235016,1.76951016133333,1,"lymphoma"
"171",171,17.8383341126543,3.84116719673333,1,"lymphoma"
"172",172,17.8194837489059,0.0622224506666667,1,"lymphoma"
"173",173,17.7815616989384,2.40576545553333,1,"lymphoma"
"174",174,17.7655118828408,0.202395787333333,1,"lymphoma"
"175",175,17.7134306607894,0.722188321533333,1,"lymphoma"
"176",176,17.702277545133,2.4250003938,1,"lymphoma"
"177",177,17.6835554018894,0.3410674262,1,"lymphoma"
"178",178,17.6754822010842,4.81971015286666,1,"lymphoma"
"179",179,17.6706675088644,0.340037463666667,1,"lymphoma"
"180",180,17.6508767272994,5.95324488506667,1,"lymphoma"
"181",181,17.6010613638701,0.153827529466667,1,"lymphoma"
"182",182,17.588187925423,1.88874421066667,1,"lymphoma"
"183",183,17.5755210716482,0.412764919733333,1,"lymphoma"
"184",184,17.5618917303082,2.9078317188,1,"lymphoma"
"185",185,17.5270499269837,0.911476564733333,1,"lymphoma"
"186",186,17.5195347265624,1.63860738733333,1,"lymphoma"
"187",187,17.5037225281437,1.5011999636,1,"lymphoma"
"188",188,17.4858114917389,4.01631492406667,1,"lymphoma"
"189",189,17.4450148031358,4.5207314506,1,"lymphoma"
"190",190,17.4266002167923,1.51564333966667,1,"lymphoma"
"191",191,17.4262239575286,4.3347378448,1,"lymphoma"
"192",192,17.3760871607229,1.9952333512,1,"lymphoma"
"193",193,17.3707508144539,1.63432195106667,1,"lymphoma"
"194",194,17.3657866763882,20.1933421073333,1,"lymphoma"
"195",195,17.3265183358495,0.1204931692,1,"lymphoma"
"196",196,17.3087852383365,0.178011745866667,1,"lymphoma"
"197",197,17.2975313049406,2.25485498253333,1,"lymphoma"
"198",198,17.2798917725609,0.402324786066667,1,"lymphoma"
"199",199,17.2573830340137,2.42314539106667,1,"lymphoma"
"200",200,17.2164998443264,0.0585422551333333,1,"lymphoma"
"201",201,17.1476372910607,2.20862519366667,1,"lymphoma"
"202",202,17.1424620315113,7.684252261,1,"lymphoma"
"203",203,17.1396817102032,0.0483406258666667,1,"lymphoma"
"204",204,17.1279066899899,0.138069313066667,1,"lymphoma"
"205",205,17.0671033516766,19.3404458533333,1,"lymphoma"
"206",206,17.0329765515602,5.46159038513333,1,"lymphoma"
"207",207,16.9975617819912,1.70058736613333,1,"lymphoma"
"208",208,16.9932965958211,2.2594562598,1,"lymphoma"
"209",209,16.9733441597417,0.6413500632,1,"lymphoma"
"210",210,16.9317686801431,2.89487872546667,1,"lymphoma"
"211",211,16.8757443285992,1.10995024866667,1,"lymphoma"
"212",212,16.8486221694406,1.37955258553333,1,"lymphoma"
"213",213,16.8393294531671,6.3724462034,1,"lymphoma"
"214",214,16.8132306854503,11.6192160224667,1,"lymphoma"
"215",215,16.7853884601967,6.66410439133333,1,"lymphoma"
"216",216,16.755661653157,2.1217062346,1,"lymphoma"
"217",217,16.7527811262946,1.0197714348,1,"lymphoma"
"218",218,16.6884619624696,0.0709586854,1,"lymphoma"
"219",219,16.6576831355193,3.0055278204,1,"lymphoma"
"220",220,16.6193081838345,1.16842706366667,1,"lymphoma"
"221",221,16.5636525824641,17.9146296973333,1,"lymphoma"
"222",222,16.5559032443499,3.3779244084,1,"lymphoma"
"223",223,16.5554246835712,0.555729823,1,"lymphoma"
"224",224,16.5534657365568,2.51426050233333,1,"lymphoma"
"225",225,16.5064118542635,1.5154448748,1,"lymphoma"
"226",226,16.4449055289457,0.790662075666666,1,"lymphoma"
"227",227,16.4438603565721,1.1569187152,1,"lymphoma"
"228",228,16.4062099093548,3.49435708713333,1,"lymphoma"
"229",229,16.3969616517169,3.71515682233333,1,"lymphoma"
"230",230,16.3945693080746,1.0018806834,1,"lymphoma"
"231",231,16.390584222522,0.176958142666667,1,"lymphoma"
"232",232,16.3525737472251,0.688367295533333,1,"lymphoma"
"233",233,16.344172422722,0.6989182928,1,"lymphoma"
"234",234,16.3269320177442,1.93344551566667,1,"lymphoma"
"235",235,16.3106658507198,0.331105952,1,"lymphoma"
"236",236,16.2474806631412,2.96977629093333,1,"lymphoma"
"237",237,16.2427685281911,1.22949904333333,1,"lymphoma"
"238",238,16.2166072066173,0.2651742352,1,"lymphoma"
"239",239,16.2067059065238,4.80512842073333,1,"lymphoma"
"240",240,16.1787847275297,0.739829622,1,"lymphoma"
"241",241,16.1691178455123,2.64165261733333,1,"lymphoma"
"242",242,16.155220392705,4.61844384986667,1,"lymphoma"
"243",243,16.139276700382,5.0240048244,1,"lymphoma"
"244",244,16.128896381077,0.521898328466666,1,"lymphoma"
"245",245,16.1240960673583,0.322010590866667,1,"lymphoma"
"246",246,16.1228322068939,2.49424460726667,1,"lymphoma"
"247",247,16.100150190263,0.158745152133333,1,"lymphoma"
"248",248,16.0616193057914,4.1835806778,1,"lymphoma"
"249",249,16.0482644496804,2.7614407698,1,"lymphoma"
"250",250,16.0481427297788,0.098622363,1,"lymphoma"
"251",1,405.000703931882,13.340684655,0,"lymphoma"
"252",2,397.838494708595,12.8467438225,0,"lymphoma"
"253",3,395.084351328509,13.4394898425,0,"lymphoma"
"254",4,387.32329358882,13.46403885,0,"lymphoma"
"255",5,386.390511572916,13.3623650075,0,"lymphoma"
"256",6,385.927570654639,12.832446575,0,"lymphoma"
"257",7,382.420642229481,13.300797225,0,"lymphoma"
"258",8,377.124674550566,12.526453015,0,"lymphoma"
"259",9,375.804424005194,12.259081125,0,"lymphoma"
"260",10,374.213716423961,13.1764864925,0,"lymphoma"
"261",11,367.825144844195,12.7853434075,0,"lymphoma"
"262",12,362.971979236931,13.34956074,0,"lymphoma"
"263",13,362.964574843627,11.65022993,0,"lymphoma"
"264",14,362.932468996332,13.035063505,0,"lymphoma"
"265",15,360.98291381315,12.717063665,0,"lymphoma"
"266",16,359.493652148219,13.18435526,0,"lymphoma"
"267",17,359.24000998117,12.384569645,0,"lymphoma"
"268",18,352.620013227067,12.016623975,0,"lymphoma"
"269",19,349.612478953926,13.098397255,0,"lymphoma"
"270",20,349.120019387266,13.4925959125,0,"lymphoma"
"271",21,348.957003698143,11.6982669825,0,"lymphoma"
"272",22,348.849696416268,12.144064905,0,"lymphoma"
"273",23,347.832473759785,12.0438525675,0,"lymphoma"
"274",24,342.647310487249,12.2453830225,0,"lymphoma"
"275",25,342.21427117333,12.96317005,0,"lymphoma"
"276",26,341.869803984995,12.40056777,0,"lymphoma"
"277",27,340.978947521851,11.2540650375,0,"lymphoma"
"278",28,339.693590387905,12.560964585,0,"lymphoma"
"279",29,339.679277087179,12.901978255,0,"lymphoma"
"280",30,339.036275363657,12.52888322,0,"lymphoma"
"281",31,337.805393995125,12.895607235,0,"lymphoma"
"282",32,334.554766681397,13.5493135425,0,"lymphoma"
"283",33,334.327454685857,12.5343446725,0,"lymphoma"
"284",34,333.793490174365,12.6965878025,0,"lymphoma"
"285",35,333.110958365641,13.21811962,0,"lymphoma"
"286",36,331.221486571688,13.0205709925,0,"lymphoma"
"287",37,330.819918171882,11.622794625,0,"lymphoma"
"288",38,330.690693146436,12.8916275525,0,"lymphoma"
"289",39,330.242786190455,12.8479492675,0,"lymphoma"
"290",40,330.231902021841,12.975701095,0,"lymphoma"
"291",41,329.592869443386,12.66798377,0,"lymphoma"
"292",42,329.372242408065,12.1031942375,0,"lymphoma"
"293",43,329.236751087505,11.23772907,0,"lymphoma"
"294",44,328.188672130014,12.3821122675,0,"lymphoma"
"295",45,327.323951824292,12.6288466475,0,"lymphoma"
"296",46,327.034384735695,12.3757438675,0,"lymphoma"
"297",47,326.019419172687,12.82177377,0,"lymphoma"
"298",48,325.302820948536,12.654043435,0,"lymphoma"
"299",49,324.978957064645,11.9609453675,0,"lymphoma"
"300",50,323.929020771495,12.6663908975,0,"lymphoma"
"301",51,322.44359189767,12.0809822075,0,"lymphoma"
"302",52,322.33967663815,12.586191655,0,"lymphoma"
"303",53,321.665844230847,13.00401139,0,"lymphoma"
"304",54,320.005530406748,12.699552535,0,"lymphoma"
"305",55,319.790119500733,12.03379035,0,"lymphoma"
"306",56,318.110369819646,12.901310205,0,"lymphoma"
"307",57,317.744190300288,13.18570757,0,"lymphoma"
"308",58,317.365602934977,13.0396134825,0,"lymphoma"
"309",59,317.3435350891,12.4963684075,0,"lymphoma"
"310",60,316.311604293063,12.7930822375,0,"lymphoma"
"311",61,316.005899710992,12.957826375,0,"lymphoma"
"312",62,314.335886769117,11.9212272175,0,"lymphoma"
"313",63,313.141924769973,12.45025444,0,"lymphoma"
"314",64,312.936760853241,10.20017028,0,"lymphoma"
"315",65,312.87659526012,10.993929865,0,"lymphoma"
"316",66,312.523629162356,10.25032878,0,"lymphoma"
"317",67,311.123418645583,9.93409085275,0,"lymphoma"
"318",68,310.407277908619,11.549546005,0,"lymphoma"
"319",69,309.440580002354,10.959748745,0,"lymphoma"
"320",70,308.181501289483,12.6382825375,0,"lymphoma"
"321",71,307.295845552012,10.2528531575,0,"lymphoma"
"322",72,307.057713302853,13.2047767625,0,"lymphoma"
"323",73,306.481867253216,11.30948758,0,"lymphoma"
"324",74,305.754154639332,11.9919233325,0,"lymphoma"
"325",75,305.185468922327,12.489601375,0,"lymphoma"
"326",76,304.951416237031,12.939922095,0,"lymphoma"
"327",77,304.18376779156,11.44399047,0,"lymphoma"
"328",78,303.184695922164,12.8515651225,0,"lymphoma"
"329",79,302.203277625661,13.232437135,0,"lymphoma"
"330",80,301.122257190077,11.7298789025,0,"lymphoma"
"331",81,300.74070420715,12.8403506275,0,"lymphoma"
"332",82,300.469019550791,9.646774292,0,"lymphoma"
"333",83,300.090918597021,10.6855678575,0,"lymphoma"
"334",84,299.769067693954,12.369048595,0,"lymphoma"
"335",85,299.502407420077,13.41839528,0,"lymphoma"
"336",86,298.830549299402,9.7936673165,0,"lymphoma"
"337",87,298.340229167064,13.0157358675,0,"lymphoma"
"338",88,297.088538499067,9.50053358075,0,"lymphoma"
"339",89,296.324666584737,9.66950988775,0,"lymphoma"
"340",90,296.271985946125,12.90300727,0,"lymphoma"
"341",91,296.227931885191,10.89365649,0,"lymphoma"
"342",92,296.136323799605,11.0141766075,0,"lymphoma"
"343",93,295.94441938037,11.9775953275,0,"lymphoma"
"344",94,295.883407361623,10.5363168725,0,"lymphoma"
"345",95,295.869001171291,10.7450175275,0,"lymphoma"
"346",96,295.067910679989,12.848658085,0,"lymphoma"
"347",97,294.238662402868,11.99956274,0,"lymphoma"
"348",98,293.936865630724,11.8176586625,0,"lymphoma"
"349",99,293.407482302704,13.1873083125,0,"lymphoma"
"350",100,293.380514746031,9.9299378395,0,"lymphoma"
"351",101,293.027506035047,12.872441055,0,"lymphoma"
"352",102,292.952650552088,12.7771022325,0,"lymphoma"
"353",103,292.034826290207,13.1148965325,0,"lymphoma"
"354",104,291.760163437404,9.80298733725,0,"lymphoma"
"355",105,291.708512451486,11.6776294725,0,"lymphoma"
"356",106,291.272165300458,12.8917493825,0,"lymphoma"
"357",107,290.969247681915,9.53666234025,0,"lymphoma"
"358",108,290.499497721308,10.7742719675,0,"lymphoma"
"359",109,290.490295531932,9.99805522175,0,"lymphoma"
"360",110,290.184993167437,9.93750906,0,"lymphoma"
"361",111,289.686929586515,11.401610375,0,"lymphoma"
"362",112,289.514414189842,11.4768025875,0,"lymphoma"
"363",113,289.321174516963,9.4009165765,0,"lymphoma"
"364",114,288.329856831612,12.8422586925,0,"lymphoma"
"365",115,288.034686436751,12.26651621,0,"lymphoma"
"366",116,287.939895120417,9.97086787125,0,"lymphoma"
"367",117,287.52939798929,11.0505945675,0,"lymphoma"
"368",118,286.915180043369,12.2733807575,0,"lymphoma"
"369",119,286.594186906521,9.5071811675,0,"lymphoma"
"370",120,286.476250899303,12.7138462075,0,"lymphoma"
"371",121,286.439954681886,10.608793735,0,"lymphoma"
"372",122,286.001773974487,10.88320446,0,"lymphoma"
"373",123,285.785274496073,10.29125595,0,"lymphoma"
"374",124,284.716478953789,10.5781865125,0,"lymphoma"
"375",125,284.354791075737,10.698520185,0,"lymphoma"
"376",126,284.273948849125,10.310274125,0,"lymphoma"
"377",127,283.905052099555,10.1614038925,0,"lymphoma"
"378",128,283.401656255307,12.3221361625,0,"lymphoma"
"379",129,282.76489963706,9.79415631275,0,"lymphoma"
"380",130,282.47051297728,9.6043059825,0,"lymphoma"
"381",131,282.367724066373,13.0849719025,0,"lymphoma"
"382",132,281.847909073384,13.0946130725,0,"lymphoma"
"383",133,281.72883523404,10.55341387,0,"lymphoma"
"384",134,281.564212280494,11.914148335,0,"lymphoma"
"385",135,281.525062803758,10.0105175985,0,"lymphoma"
"386",136,281.44807845416,13.12770748,0,"lymphoma"
"387",137,281.432100238948,11.20802474,0,"lymphoma"
"388",138,281.119864310865,9.068052292,0,"lymphoma"
"389",139,281.110680668104,10.15880418,0,"lymphoma"
"390",140,281.034648716508,9.739587784,0,"lymphoma"
"391",141,280.936739557505,12.9527330425,0,"lymphoma"
"392",142,280.785639056532,9.3330426215,0,"lymphoma"
"393",143,280.370833481295,11.4272744675,0,"lymphoma"
"394",144,280.175044787292,9.9071257115,0,"lymphoma"
"395",145,279.606248529383,10.5725946425,0,"lymphoma"
"396",146,279.335434616191,12.581109285,0,"lymphoma"
"397",147,279.011963217191,12.0373005875,0,"lymphoma"
"398",148,278.777002342404,10.00413131725,0,"lymphoma"
"399",149,278.490087231479,9.75378417975,0,"lymphoma"
"400",150,278.001658883515,11.6948416225,0,"lymphoma"
"401",151,277.675675574279,12.201792,0,"lymphoma"
"402",152,277.590116748803,9.0121564865,0,"lymphoma"
"403",153,277.516394980427,9.85470175725,0,"lymphoma"
"404",154,277.401549373288,12.95519185,0,"lymphoma"
"405",155,277.071178128564,9.39291477175,0,"lymphoma"
"406",156,276.700420514608,12.1691880225,0,"lymphoma"
"407",157,276.553772687926,9.2713615895,0,"lymphoma"
"408",158,276.522122813564,11.394640685,0,"lymphoma"
"409",159,276.289522927766,11.1219477675,0,"lymphoma"
"410",160,276.163860857393,9.3800115585,0,"lymphoma"
"411",161,275.818543910008,12.444468975,0,"lymphoma"
"412",162,275.812451566846,12.9409241675,0,"lymphoma"
"413",163,275.785443511365,9.21374201775,0,"lymphoma"
"414",164,275.718788000678,9.704580784,0,"lymphoma"
"415",165,275.519928404585,9.7859597205,0,"lymphoma"
"416",166,274.714862170117,12.4952347275,0,"lymphoma"
"417",167,274.704237291911,8.9608056545,0,"lymphoma"
"418",168,273.688942920293,12.858950615,0,"lymphoma"
"419",169,273.317507369305,11.547935245,0,"lymphoma"
"420",170,272.378431824568,12.39593053,0,"lymphoma"
"421",171,272.049328589892,12.90347719,0,"lymphoma"
"422",172,271.550458838457,10.4121558675,0,"lymphoma"
"423",173,271.498893584875,10.1476910125,0,"lymphoma"
"424",174,271.17212922663,10.19956112,0,"lymphoma"
"425",175,271.142356910952,9.26823830575,0,"lymphoma"
"426",176,271.081482768286,9.7971823215,0,"lymphoma"
"427",177,271.016577793849,12.83629942,0,"lymphoma"
"428",178,270.716535047059,12.3517789825,0,"lymphoma"
"429",179,270.21615648745,9.05449533475,0,"lymphoma"
"430",180,269.924182897939,12.0172667475,0,"lymphoma"
"431",181,269.881667680394,11.9714560525,0,"lymphoma"
"432",182,269.551932806411,11.342769145,0,"lymphoma"
"433",183,268.857803829753,12.3510272475,0,"lymphoma"
"434",184,268.583173197647,8.59784674625,0,"lymphoma"
"435",185,268.58144350576,12.8664991875,0,"lymphoma"
"436",186,266.706048219267,10.5053391425,0,"lymphoma"
"437",187,266.652761336535,10.03027629825,0,"lymphoma"
"438",188,266.489274418833,9.5235340595,0,"lymphoma"
"439",189,265.844171518131,9.46049332625,0,"lymphoma"
"440",190,265.459840355706,9.78493475925,0,"lymphoma"
"441",191,265.282964631743,11.51355553,0,"lymphoma"
"442",192,264.763842649976,11.9351267825,0,"lymphoma"
"443",193,264.701141918372,9.32711577425,0,"lymphoma"
"444",194,264.517615796234,12.9420237525,0,"lymphoma"
"445",195,264.508813953273,9.64933109275,0,"lymphoma"
"446",196,264.490090435981,12.1567924025,0,"lymphoma"
"447",197,264.315352970387,13.6738538725,0,"lymphoma"
"448",198,264.271253890071,11.4635937225,0,"lymphoma"
"449",199,264.245997725906,9.9300251,0,"lymphoma"
"450",200,264.211815268735,10.44653964,0,"lymphoma"
"451",201,264.20999773212,9.33227324475,0,"lymphoma"
"452",202,263.839290322011,11.85694337,0,"lymphoma"
"453",203,263.380931687631,9.93348383925,0,"lymphoma"
"454",204,263.378299066879,10.553940535,0,"lymphoma"
"455",205,263.06888916474,11.2421829725,0,"lymphoma"
"456",206,263.015419545759,9.367786169,0,"lymphoma"
"457",207,262.611523402898,8.9139204025,0,"lymphoma"
"458",208,262.576103078016,9.65345215825,0,"lymphoma"
"459",209,262.182855721055,8.9603266715,0,"lymphoma"
"460",210,262.148639596023,9.021555662,0,"lymphoma"
"461",211,261.885270800804,11.6459081175,0,"lymphoma"
"462",212,261.739078704804,12.76414275,0,"lymphoma"
"463",213,261.686127279515,9.80262827875,0,"lymphoma"
"464",214,261.430962361555,12.74483442,0,"lymphoma"
"465",215,260.970423045496,9.9108097555,0,"lymphoma"
"466",216,260.37519163962,9.24887442575,0,"lymphoma"
"467",217,259.735982257704,9.4142067435,0,"lymphoma"
"468",218,259.59995362468,10.812989235,0,"lymphoma"
"469",219,259.218946423308,10.032244444,0,"lymphoma"
"470",220,259.049909686853,9.48362016675,0,"lymphoma"
"471",221,258.936761354515,9.07502055175,0,"lymphoma"
"472",222,258.772616401971,11.2530765525,0,"lymphoma"
"473",223,258.500254708858,9.387114048,0,"lymphoma"
"474",224,258.232146664892,13.0824379925,0,"lymphoma"
"475",225,258.156792485458,9.93364572425,0,"lymphoma"
"476",226,257.837401853677,9.390873194,0,"lymphoma"
"477",227,257.336337089751,11.2701733125,0,"lymphoma"
"478",228,256.993821449395,8.127867699,0,"lymphoma"
"479",229,256.810049642927,9.14112520225,0,"lymphoma"
"480",230,256.73553201675,9.8403053285,0,"lymphoma"
"481",231,256.672726305262,11.2395987525,0,"lymphoma"
"482",232,256.623533311868,11.8405206225,0,"lymphoma"
"483",233,256.601650898623,9.3075482845,0,"lymphoma"
"484",234,256.529654740816,9.41897130025,0,"lymphoma"
"485",235,256.472376355414,8.4054780005,0,"lymphoma"
"486",236,256.300753796219,9.8361485005,0,"lymphoma"
"487",237,256.294981394133,11.26838088,0,"lymphoma"
"488",238,256.229746460591,9.15780568125,0,"lymphoma"
"489",239,256.028233599593,8.18272733675,0,"lymphoma"
"490",240,256.003232132762,8.61473059675,0,"lymphoma"
"491",241,255.964285786259,12.4427115925,0,"lymphoma"
"492",242,255.957725853234,12.5206985475,0,"lymphoma"
"493",243,255.563346032123,9.108696699,0,"lymphoma"
"494",244,255.4579572048,10.5443191525,0,"lymphoma"
"495",245,254.990043529425,12.7839603425,0,"lymphoma"
"496",246,254.828784033159,8.43176198025,0,"lymphoma"
"497",247,254.772597040394,8.686052561,0,"lymphoma"
"498",248,254.769425960397,9.7162766455,0,"lymphoma"
"499",249,254.504367110799,8.5267841815,0,"lymphoma"
"500",250,254.354145860937,8.3446748255,0,"lymphoma"
